{"step":7,"_timestamp":1.7737096953597038e+09,"_runtime":482.852220638,"_wandb":{"runtime":529},"_step":7,"train/reward":0.83984375}