{"_runtime":13510.544598929,"_step":239,"eval/accuracy":0.4586808188021228,"eval/format_rate":0.9431387414708112,"step":199,"_timestamp":1.773730633377402e+09,"train/reward":0.84375,"_wandb":{"runtime":13516}}