{"_wandb":{"runtime":210},"eval/accuracy":0.41243366186504926,"eval/format_rate":0.931008339651251,"step":1,"_timestamp":1.7737169766499956e+09,"_runtime":178.930022622,"_step":2,"train/reward":0.73828125}