{"train/reward":0.8125,"step":199,"_wandb":{"runtime":26959},"_timestamp":1.773706553946442e+09,"_runtime":26959.340856492,"_step":199}