{"_step":31,"train/dsft_size":5320,"train_step":247,"_timestamp":1.7733105402558377e+09,"_runtime":206.683168727,"train/loss":47.25,"train/entropy":0.296875,"_wandb":{"runtime":208}}